{
  "nodes": [
    {
      "op": "null", 
      "name": "input", 
      "inputs": []
    }, 
    {
      "op": "tvm_op", 
      "name": "tvmgen_default_tvmgen_default_mera_drp_main_0", 
      "attrs": {
        "flatten_data": "0", 
        "func_name": "tvmgen_default_tvmgen_default_mera_drp_main_0", 
        "kernel_layout": "OIHW", 
        "data_layout": "NCHW", 
        "out_layout": "", 
        "num_outputs": "1", 
        "num_inputs": "1", 
        "global_symbol": "tvmgen_default_tvmgen_default_mera_drp_main_0", 
        "Compiler": "mera_drp", 
        "hash": "a762d35ecb3efd25"
      }, 
      "inputs": [
        [
          0, 
          0, 
          0
        ]
      ]
    }, 
    {
      "op": "null", 
      "name": "p6", 
      "inputs": []
    }, 
    {
      "op": "null", 
      "name": "p7", 
      "inputs": []
    }, 
    {
      "op": "tvm_op", 
      "name": "tvmgen_default_fused_nn_conv2d_add_nn_relu", 
      "attrs": {
        "num_outputs": "1", 
        "num_inputs": "3", 
        "flatten_data": "0", 
        "func_name": "tvmgen_default_fused_nn_conv2d_add_nn_relu", 
        "out_layout": "", 
        "kernel_layout": "OIHW4o", 
        "data_layout": "NCHW", 
        "hash": "d31ca8607e637535"
      }, 
      "inputs": [
        [
          1, 
          0, 
          0
        ], 
        [
          2, 
          0, 
          0
        ], 
        [
          3, 
          0, 
          0
        ]
      ]
    }, 
    {
      "op": "tvm_op", 
      "name": "tvmgen_default_tvmgen_default_mera_drp_main_5", 
      "attrs": {
        "flatten_data": "0", 
        "func_name": "tvmgen_default_tvmgen_default_mera_drp_main_5", 
        "hash": "16c4940e5219f802", 
        "num_outputs": "1", 
        "num_inputs": "1", 
        "global_symbol": "tvmgen_default_tvmgen_default_mera_drp_main_5", 
        "Compiler": "mera_drp"
      }, 
      "inputs": [
        [
          4, 
          0, 
          0
        ]
      ]
    }
  ], 
  "arg_nodes": [0, 2, 3], 
  "heads": [
    [
      5, 
      0, 
      0
    ]
  ], 
  "attrs": {
    "dltype": [
      "list_str", 
      [
        "float32", 
        "float16", 
        "float16", 
        "float16", 
        "float16", 
        "float16"
      ]
    ], 
    "device_index": [
      "list_int", 
      [1, 1, 1, 1, 1, 1]
    ], 
    "storage_id": [
      "list_int", 
      [0, 1, 2, 3, 4, 5]
    ], 
    "shape": [
      "list_shape", 
      [
        [1, 3, 28, 28], 
        [1, 64, 5, 5], 
        [32, 64, 3, 3, 4], 
        [1, 128, 1, 1], 
        [1, 128, 3, 3], 
        [1, 2]
      ]
    ]
  }, 
  "node_row_ptr": [0, 1, 2, 3, 4, 5, 6]
}